category,brand,name,price,unit,photo_url,description
Акумулятори для гібридних інверторів,MUST,"Акумуляторна батарея MUST LP16-48100 51.2V 100Ah, 442х625.5х177, 44 кг, LiFePO4",33750,грн,https://dfi2.com.ua/images/142727_1.jpg,"MUST LP16-48100 — акумуляторна батарея LiFePO4 ємністю 100 А·год і напругою 51,2 В (5,1 кВт·год). Ресурс 6000 циклів при DoD 80%. Оснащена вбудованою BMS з підтримкою CAN/RS485/RS232. Максимальний струм заряду та розряду 100 А. Металевий корпус, розміри 580×400×145 мм, вага 44 кг."
Акумулятори для гібридних інверторів,MUST,"Акумуляторна батарея MUST LP16-24100, 25.6V 100Ah, 442х485.5х177, 23 кг, LiFePO4",22650,грн,https://dfi2.com.ua/images/143477_1.jpg,"MUST LP16-24100 — акумуляторна батарея LiFePO4 ємністю 100 А·год і напругою 25,6 В. Призначена для автономних систем живлення та сонячних електростанцій. Вбудована BMS контролює кожен елемент, запобігає перегріву, перевантаженню та глибокому розряду. Підтримує до 4 паралельних модулів. Сумісна з інверторами Must, FelicityESS, Dyness. Вага 23 кг."
Силові та сонячні кабелі,DYNESS,Комплект силових кабелів Dyness 4AWG 1000V VW1 2050мм,1938,грн,https://dfi2.com.ua/images/145284_1.jpg,"Комплект силових кабелів Dyness AWG4 для підключення акумуляторних батарей. Напруга 1000 В, клас горіння VW1. Довжина 2050 мм. Підходить для з'єднання акумуляторів Dyness з інвертором при значній відстані між компонентами системи."
Акумулятори для гібридних інверторів,FELICITY,"Акумуляторна батарея Felicity FLA24200 25.6V 200Ah LiFePO4, 482x433x194, 39 кг",33991,грн,https://dfi2.com.ua/images/150912_1.jpg,
Акумулятори для гібридних інверторів,FELICITY,"Акумуляторна батарея Felicity FLA48100 51.2V 100Ah LiFePO4, 663x400x178, 48 кг",33119,грн,https://dfi2.com.ua/images/150913_1.jpg,"Felicity FLA48100 — акумуляторна батарея LiFePO4 ємністю 100 А·год і напругою 51,2 В (5,12 кВт·год). Ресурс понад 6000 циклів. Підходить для сонячних, гібридних і резервних систем живлення. Розміри 663×400×178 мм, вага 48 кг."
Акумулятори для гібридних інверторів,FELICITY,"Акумуляторна батарея Felicity FLA48200 51.2V 200Ah LiFePO4, 735х433х188, 68 кг",60101,грн,https://dfi2.com.ua/images/150914_1.jpg,"Felicity FLA48200 — потужна акумуляторна батарея LiFePO4 ємністю 200 А·год і напругою 51,2 В (10,24 кВт·год). Ресурс понад 6000 циклів. Забезпечує великий запас енергії для приватних і комерційних об'єктів. Розміри 735×433×188 мм, вага 68 кг."
Акумулятори для гібридних інверторів,FELICITY,"Акумуляторна батарея Felicity FLA48314-EU 51.2V 314Ah 16kWh LiFePO4, 435х880х247, 121.5 кг",78500,грн,https://dfi2.com.ua/images/151617_1.jpg,"Felicity FLA48314-EU — потужна акумуляторна батарея LiFePO4 ємністю 314 А·год і напругою 51,2 В (16 кВт·год). Ресурс понад 6000 циклів. Підходить для приватних будинків, сонячних електростанцій і комерційних систем резервного живлення. Розміри 435×880×247 мм, вага 121,5 кг."
Акумулятори для гібридних інверторів,FELICITY,"Акумуляторна батарея Felicity FLA24230 25.6V 230Ah LiFePO4, 547х400х280, 52.5 кг",37150,грн,https://dfi2.com.ua/images/152173_1.jpg,
Акумулятори для гібридних інверторів,FELICITY,"Акумуляторна батарея Felicity FLA24280 25.6V 280Ah LiFePO4, 700х430х253, 71 кг",42000,грн,https://dfi2.com.ua/images/152174_1.jpg,
Акумулятори для гібридних інверторів,FELICITY,"Акумуляторна батарея Felicity FLA48230 51.2V 230Ah LiFePO4, 783x450x274, 97 кг",62151,грн,https://dfi2.com.ua/images/152175_1.jpg,
Акумулятори для гібридних інверторів,DYNESS,"Акумуляторна батарея Dyness BX51100 51.2v 100ah, 5.12kwh LiFePo4",41501,грн,https://dfi2.com.ua/images/142739_1.jpg,
Силові та сонячні кабелі,—,"Комплект силових кабелів 25 мм 1 м, 2 шт., мідь, мідні накінечники М8",865,грн,https://dfi2.com.ua/images/151847_1.jpg,"Комплект мідних силових кабелів перетином 25 мм², довжина 1 м, 2 шт. Оснащені мідними обтискними наконечниками М8. Призначені для підключення акумуляторних батарей до інверторів і шин розподілу. Мідний провід забезпечує мінімальний опір і надійне з'єднання."
Силові та сонячні кабелі,—,"Комплект силових кабелів 25 мм 50см, 2 шт., мідь, мідні накінечники М8",408,грн,https://dfi2.com.ua/images/151848_1.jpg,"Комплект мідних силових кабелів перетином 25 мм², довжина 50 см, 2 шт. Мідні обтискні наконечники М8. Призначені для з'єднання акумуляторів з інвертором або шиною при короткій відстані між компонентами."
Силові та сонячні кабелі,—,"Комплект силових кабелів 25 мм 1.5м, 2 шт., мідь, мідні накінечники М8",1424,грн,https://dfi2.com.ua/images/151849_1.jpg,"Комплект мідних силових кабелів перетином 25 мм², довжина 1,5 м, 2 шт. Мідні обтискні наконечники М8. Підходять для підключення акумуляторів до інвертора при збільшеній відстані між компонентами системи."
Силові та сонячні кабелі,—,"Комплект силових кабелів 25 мм 75см, 2 шт., мідь, мідні накінечники М8",762,грн,https://dfi2.com.ua/images/151850_1.jpg,"Комплект мідних силових кабелів перетином 25 мм², довжина 75 см, 2 шт. Мідні обтискні наконечники М8. Призначені для з'єднання акумуляторних батарей з інвертором або шиною розподілу в автономних системах живлення."
Силові та сонячні кабелі,—,"Комплект силових кабелів 25 мм 1 м, 2 шт., мідь, мідні накінечники М10",865,грн,https://dfi2.com.ua/images/151851_1.jpg,"Комплект мідних силових кабелів перетином 25 мм², довжина 1 м, 2 шт. Мідні обтискні наконечники М10. Призначені для підключення акумуляторів до інверторів з кріпленням М10. Мідний провід забезпечує надійне з'єднання та мінімальні втрати струму."
Силові та сонячні кабелі,—,"Комплект силових кабелів 25 мм 50см, 2 шт., мідь, мідні накінечники М10",408,грн,https://dfi2.com.ua/images/151852_1.jpg,"Комплект мідних силових кабелів перетином 25 мм², довжина 50 см, 2 шт. Мідні обтискні наконечники М10. Підходять для з'єднання компонентів системи при короткій відстані між акумулятором та інвертором."
Акумулятори для гібридних інверторів,FELICITY,"Акумуляторна батарея Felicity FLB48314TG1-H 51.2V 314Ah, з підігрівом, 895х450х235, 121 кг",80990,грн,https://dfi2.com.ua/images/152270_1.jpg,
Акумулятори для гібридних інверторів,DEYE,"Акумуляторна батарея DEYE SE-F5 Pro-C 51.2V 100 Аh, 404х547х141, 45 кг, LiFePO4 5.12kWh",35392,грн,https://dfi2.com.ua/images/150676_1.jpg,"DEYE SE-F5 Pro-C — сучасна акумуляторна батарея LiFePO4 ємністю 100 А·год і напругою 51,2 В (5,12 кВт·год). Забезпечує стабільну роботу гібридних і сонячних систем. Ресурс понад 6000 циклів. Порти зв'язку CAN/RS485. Вага 45 кг. Підходить для приватних будинків, офісів і комерційних об'єктів."
Акумулятори для гібридних інверторів,DEYE,"Акумуляторна батарея Deye SE-F16-С 51.2V 314 Аh, 400х708х233, 123 кг, 16kWh LiFePO4",85120,грн,https://dfi2.com.ua/images/151057_1.jpg,"Deye SE-F16-С — акумуляторна батарея LiFePO4 великої ємності: 314 А·год, напруга 51,2 В, загальна енергія 16 кВт·год. Призначена для автономних, резервних і сонячних систем з великим запасом енергії. Ресурс понад 6000 циклів. Вага 109 кг. Підходить для приватних будинків і комерційних об'єктів."
Комплекти автономного енергоживлення,FELICITY,Комплект автономного енергоживлення: Felicity IVEM6048-II 48В 6 кВт+ Felicity FLA48200 51.2V 200Ah,77791,грн,assets/images/zaglushka.png,
Комплекти автономного енергоживлення,FELICITY,Комплект автономного енергоживлення: Felicity IVEM8048-II 8 кВт 48 В+ Felicity FLA48314-EU 51.2V 314Ah 16kWh,96217,грн,assets/images/zaglushka.png,
Комплекти автономного енергоживлення,DAH Solar,Комплект автономного енергоживлення: Felicity IVEM6048-II 48В 6 кВт+ DAH Solar DHN-LVWES05-G1 100ah 51.2V,48791,грн,assets/images/zaglushka.png,
Комплекти автономного енергоживлення,DEYE,Комплект автономного енергоживлення: Felicity IVEM6048-II 48В 6 кВт+ DEYE SE-F5 Pro-C 51.2V 100 Аh,53083,грн,assets/images/zaglushka.png,
Комплекти автономного енергоживлення,DEYE,Комплект автономного енергоживлення: Felicity IVEM6048-II 48В 6 кВт+ Deye SE-F16-С 51.2V 314 Аh,102811,грн,assets/images/zaglushka.png,
Силові та сонячні кабелі,—,"Комплект силових кабелів 25 мм 1.5м, 2 шт., мідь, мідні накінечники М10",1424,грн,https://dfi2.com.ua/images/151853_1.jpg,"Комплект мідних силових кабелів перетином 25 мм², довжина 1,5 м, 2 шт. Мідні обтискні наконечники М10. Призначені для підключення акумуляторів до інвертора при збільшеній відстані."
Силові та сонячні кабелі,—,"Комплект силових кабелів 25 мм 75см, 2 шт., мідь, мідні накінечники М10",762,грн,https://dfi2.com.ua/images/151854_1.jpg,"Комплект мідних силових кабелів перетином 25 мм², довжина 75 см, 2 шт. Мідні обтискні наконечники М10. Підходять для підключення акумуляторних батарей до інвертора в системах автономного та резервного живлення."
Гибридні інвертори,MUST,"Гібридний інвертор Must PV18-3224VPM II 3.2 кВт 24 В, 254.5х367.4х103, 5.6 кг",11480,грн,https://dfi2.com.ua/images/142723_1.jpg,"Гібридний інвертор MUST PV18-3024PREM — 3000 ВА, 24 В, MPPT 80A, підтримує роботу без АКБ."
Гибридні інвертори,MUST,"Гібридний інвертор MUST PV18-2012 ECO 2 кВт 12 В, 290х367х111, 6 кг",11800,грн,https://dfi2.com.ua/images/148317_1.jpg,"MUST PV18-2012 ECO — багатофункціональний гібридний інвертор потужністю 2 кВт для автономних та резервних систем живлення. Поєднує функції інвертора, MPPT сонячного зарядного пристрою та зарядного пристрою для акумуляторів. Може працювати без акумулятора. Має подвійний вихід для керування навантаженням."
Гибридні інвертори,MUST,"Гібридний інвертор MUST PV18-4024ECO 4 кВт 24 В, 318х454х122.5, 8 кг",15232,грн,https://dfi2.com.ua/images/150647_1.jpg,
Джерела безперебійного живлення,—,Безперебійник для роутера TTN DC1036P 12000 mAh DC Mini UPS for Wifi Router,1568,грн,https://dfi2.com.ua/images/150649_1.jpg,TTN DC1036P — компактний міні-ДБЖ для роутера та іншого мережевого обладнання. Вбудований акумулятор 12000 мА·год забезпечує роботу Wi-Fi роутера протягом кількох годин при відключенні електроенергії. Підтримує живлення постійним струмом (DC). Не потребує налаштувань — просто підключіть замість блока живлення роутера.
Гибридні інвертори,MUST,"Гібридний інвертор Must PV18-1012VPK 1 кВт 12 В, 297.5х468х125, 5 кг",8151,грн,https://dfi2.com.ua/images/150825_1.jpg,"MUST PV18-5048 PREM — гібридний інвертор потужністю 5 кВт, 48 В, MPPT 100A."
Комплекти автономного енергоживлення,FELICITY,Комплект автономного енергоживлення: Felicity IVEM6048-II 48В 6 кВт+ Felicity FLA48100 51.2V 100Ah,50809,грн,assets/images/zaglushka.png,
Комплекти автономного енергоживлення,FELICITY,Комплект автономного енергоживлення: Felicity IVEM6048-II 48В 6 кВт+ Felicity FLA48230 51.2V 230Ah,79841,грн,assets/images/zaglushka.png,
Комплекти автономного енергоживлення,FELICITY,Комплект автономного енергоживлення: Felicity IVEM6048-II 48В 6 кВт+ Felicity FLA48314-EU 51.2V 314Ah,96217,грн,assets/images/zaglushka.png,
Комплекти автономного енергоживлення,FELICITY,Комплект автономного енергоживлення: Felicity IVEM6048-II 48В 6 кВт+ MUST LP16-48100 51.2V 100Ah,52535,грн,assets/images/zaglushka.png,
Комплекти автономного енергоживлення,FELICITY,Комплект автономного енергоживлення: Felicity IVEM4024-II 24В 4 кВт+ Felicity FLA24230 25.6V 230Ah,51440,грн,assets/images/zaglushka.png,
Комплекти автономного енергоживлення,FELICITY,Комплект автономного енергоживлення: Felicity IVEM4024-II 24В 4 кВт+ Felicity FLA24280 25.6V 280Ah,56290,грн,assets/images/zaglushka.png,
Комплекти автономного енергоживлення,FELICITY,Комплект автономного енергоживлення: Felicity IVEM4024-II 24В 4 кВт+ MUST LP16-24100 25.6V 100Ah,36940,грн,assets/images/zaglushka.png,
Гибридні інвертори,DEYE,"Гібридний інвертор Deye SUN-12K-SG02LP1-EU-AM3-P 12кВт 1 фаза, 420х670х233, 35.6 кг",76160,грн,https://dfi2.com.ua/images/142967_1.jpg,"Deye SUN-12K-SG02LP1-EU-AM3-P — потужний однофазний гібридний інвертор 12 кВт для сонячних електростанцій. Підтримує роботу з акумуляторами LiFePO4 і свинцево-кислотними батареями. Забезпечує стабільну роботу як у мережевих, так і в автономних системах. Підходить для приватних будинків і комерційних об'єктів. Розміри 420×670×233 мм, вага 35,6 кг."
Гибридні інвертори,DEYE,"Гібридний інвертор Deye SUN-6K-SG05LP1-EU-AM2-P 6 кВт 48 В 1 фаза, 330х580х232, 24.9 кг",35840,грн,https://dfi2.com.ua/images/148193_1.jpg,"Deye SUN-6K-SG05LP1-EU-AM2-P — сучасний однофазний гібридний інвертор 6 кВт для сонячних електростанцій. Підтримує акумулятори 48 В (LiFePO4 та свинцево-кислотні). Забезпечує ефективне керування енергією та резервне живлення. Дозволяє підвищити енергонезалежність дому або бізнесу. Розміри 330×580×232 мм, вага 24,9 кг."
Акумулятори для гібридних інверторів,DAH Solar,"Акумулятор DAH Solar DHN-LVWES05-G1 100ah 51.2V, 480х500х155, 47 кг",31101,грн,https://dfi2.com.ua/images/150674_1.jpg,"DAH Solar DHN-LVWES05-G1 — акумуляторна батарея LiFePO4 ємністю 100 А·год і напругою 51,2 В (5,12 кВт·год). Призначена для автономних, резервних і сонячних систем живлення. Ресурс понад 6000 циклів. Максимальний струм заряду/розряду до 100 А. Вага 45–50 кг."
Гибридні інвертори,DEYE,"Гібридний інвертор Deye SUN-16K-SG01LP1-EU-AM3-P WiFi 16 кВт 48 В, 1 фаза, 2 MPPT, LV, 464х763х282, 52 кг",91840,грн,https://dfi2.com.ua/images/151288_1.jpg,"Deye SUN-16K-SG01LP1-EU-AM3-P — потужний однофазний гібридний інвертор 16 кВт нового покоління. Підтримує низьковольтні акумулятори 48 В, має два MPPT-трекери та вбудований Wi-Fi модуль. Працює в резервному, автономному та мережевому режимах. Підходить для великих будинків, офісів і комерційних систем накопичення енергії. Розміри 464×763×282 мм, вага 52 кг."
Силові та сонячні кабелі,KBE,"Сонячний кабель KBE Solar 6 мм, 500 м (бухта), чорний, Німеччина",33600,грн,https://dfi2.com.ua/images/146741_1.jpg,"Сонячний кабель KBE Solar 6 мм² виробництва Німеччини. Спеціально розроблений для зовнішніх сонячних систем — стійкий до ультрафіолету, вологи та механічних пошкоджень. Бухта 500 м підходить для монтажу великих сонячних електростанцій. Відповідає стандартам безпеки для сонячних інсталяцій."
Джерела безперебійного живлення,—,"Зарядна станція ECOFLOW DELTA 3 1024Wh 1800W (китайські розетки, з перехідниками)",31360,грн,https://dfi2.com.ua/images/148245_1.jpg,"EcoFlow DELTA 3 — портативна зарядна станція ємністю 1024 Вт·год і потужністю 1800 Вт. Оснащена довговічним акумулятором LiFePO4 з ресурсом до 4000 циклів. Підтримує швидку зарядку від мережі, а також підзарядку від сонячних панелей. Дозволяє одночасно підключати кілька пристроїв — від ноутбуків до побутової техніки. Версія з китайськими розетками, у комплекті 2 перехідники для стандартних євровилок. Вага близько 12,5 кг."
Джерела безперебійного живлення,EcoFlow,"Зарядна станція EcoFlow Delta 2, 1800W, 1024Wh (EU)",31360,грн,https://dfi2.com.ua/images/148299_1.jpg,EcoFlow DELTA 2 — портативна зарядна станція ємністю 1024 Вт·год і потужністю 1800 Вт з євророзетками. Акумулятор LiFePO4 розрахований на 3000 циклів. Заряджається від 0 до 80% за 50 хвилин. Підтримує сонячну зарядку до 500 Вт та підключення до 13 пристроїв одночасно. Функція EPS автоматично перемикає живлення при відключенні мережі.
Джерела безперебійного живлення,—,Зарядна станція ECOFLOW DELTA 3 PLUS 1024Wh 1800W (EU),32256,грн,https://dfi2.com.ua/images/151604_1.jpg,"EcoFlow DELTA 3 Plus — портативна зарядна станція ємністю 1024 Вт·год і потужністю 1800 Вт з євророзетками. Оснащена акумулятором LiFePO4 з тривалим ресурсом. Підтримує швидку зарядку від мережі та підключення сонячних панелей. Підходить для домашнього резервного живлення, кемпінгу та роботи у полі."
Силові та сонячні кабелі,KBE,"Сонячний кабель KBE 6 мм 1 м, Німеччина",72,грн,https://dfi2.com.ua/images/151777_1.jpg,"Сонячний кабель KBE 6 мм² виробництва Німеччини завдовжки 1 м. Призначений для підключення компонентів сонячних систем. Стійкий до ультрафіолету, вологи та перегріву. Відповідає стандартам безпеки для сонячних інсталяцій."
Силові та сонячні кабелі,KBE,"Сонячний кабель KBE Solar 6 мм, 500 м (бухта), червоний, Німеччина",33600,грн,https://dfi2.com.ua/images/152253_1.jpg,
Комплекти автономного енергоживлення,DYNESS,"Комплект автономного енергоживлення: Deye SUN-12K-SG02LP1-EU-AM3 12кВт 1 фаза + Dyness BX51100 51.2v 100ah, 5.12kwh LiFePo4",117661,грн,assets/images/zaglushka.png,
Комплекти автономного енергоживлення,DEYE,Комплект автономного енергоживлення: Deye SUN-6K-SG05LP1-EU-AM2 1 фаза + DEYE SE-F5 Pro-C 51.2V 100 Аh,71232,грн,assets/images/komp/150757.png,
Комплекти автономного енергоживлення,DAH Solar,Комплект автономного енергоживлення: Deye SUN-6K-SG05LP1-EU-AM2 1 фаза+ DAH Solar DHN-LVWES05-G1 100ah 51.2V,66941,грн,assets/images/komp/150758.png,
Комплекти автономного енергоживлення,DEYE,"Комплект автономного енергоживлення: Deye SUN-12K-SG02LP1-EU-AM3-P 12кВт 48 В 1 фаза + Deye SE-F16-С 51.2V 314 Аh, 109 кг, LiFePO4, 16 kWh",161280,грн,assets/images/komp/151289.png,"Готовий комплект автономного живлення: гібридний інвертор Deye SUN-12K-SG02LP1-EU-AM3-P 12 кВт та акумулятор LiFePO4 Deye SE-F16-С 51,2 В 314 А·год (16 кВт·год)."
Комплекти автономного енергоживлення,DEYE,Комплект автономного енергоживлення: Deye SUN-12K-SG02LP1-EU-AM3-P 12кВт 48 В 1 фаза + DEYE SE-F5 Pro-C 51.2V 100 Аh,111552,грн,assets/images/komp/151290.png,"Готовий комплект автономного живлення: гібридний інвертор Deye SUN-12K-SG02LP1-EU-AM3-P 12 кВт та акумулятор LiFePO4 DEYE SE-F5 Pro-C 51,2 В 100 А·год."
Комплекти автономного енергоживлення,DAH Solar,Комплект автономного енергоживлення: Deye SUN-12K-SG02LP1-EU-AM3-P 12кВт 48 В 1 фаза + Акумулятор DAH Solar DHN-LVWES05-G1 100ah 51.2V,107261,грн,assets/images/komp/151291.png,"Готовий комплект автономного живлення: гібридний інвертор Deye SUN-12K-SG02LP1-EU-AM3-P 12 кВт та акумулятор LiFePO4 DAH Solar DHN-LVWES05-G1 51,2 В 100 А·год."
Комплекти автономного енергоживлення,FELICITY,"Комплект автономного енергоживлення: Felicity IVEM4024-II 24В 4 кВт+ MUST LP16-24200, 25.6V 200Ah",49181,грн,assets/images/zaglushka.png,
Комплекти автономного енергоживлення,FELICITY,Комплект автономного енергоживлення: Felicity IVEM3024 3 кВт 24 В+ MUST LP16-24100 25.6V 100Ah,35890,грн,assets/images/zaglushka.png,
Комплекти автономного енергоживлення,DAH Solar,Комплект автономного енергоживлення: Felicity IVEM8048-II 8 кВт 48 В + DAH Solar DHN-LVWES05-G1 100ah 51.2V,60421,грн,assets/images/zaglushka.png,
Комплекти автономного енергоживлення,DEYE,Комплект автономного енергоживлення: Felicity IVEM8048-II 8 кВт 48 В + Deye SE-F16-С 51.2V 314 Аh,114688,грн,assets/images/zaglushka.png,
Комплекти автономного енергоживлення,DEYE,Комплект автономного енергоживлення: Felicity IVEM8048-II 8 кВт 48 В + DEYE SE-F5 Pro-C 51.2V 100 Аh,64960,грн,assets/images/zaglushka.png,
Комплекти автономного енергоживлення,FELICITY,Комплект автономного енергоживлення: Felicity IVEM8048-II 8 кВт 48 В + Felicity FLA48100 51.2V 100Ah,62720,грн,assets/images/zaglushka.png,
Комплекти автономного енергоживлення,FELICITY,Комплект автономного енергоживлення: Felicity IVEM8048-II 8 кВт 48 В + Felicity FLA48200 51.2V 200Ah,89799,грн,assets/images/zaglushka.png,
Комплекти автономного енергоживлення,DEYE,Комплект автономного енергоживлення: Deye SUN-6K-SG05LP1-EU-AM2 1 фаза + Felicity FLA48100 48V 100Ah LiFePO4,68959,грн,assets/images/komp/151293.png,"Готовий комплект автономного живлення: гібридний інвертор Deye SUN-6K-SG05LP1-EU-AM2 6 кВт та акумулятор LiFePO4 Felicity FLA48100 51,2 В 100 А·год."
Комплекти автономного енергоживлення,DEYE,Комплект автономного енергоживлення: Deye SUN-6K-SG05LP1-EU-AM2 1 фаза + Felicity FLA48200 48V 200Ah LiFePO4,95941,грн,assets/images/komp/151294.png,"Готовий комплект автономного живлення: гібридний інвертор Deye SUN-6K-SG05LP1-EU-AM2 6 кВт та акумулятор LiFePO4 Felicity FLA48200 51,2 В 200 А·год."
Комплекти автономного енергоживлення,DEYE,Комплект автономного енергоживлення: Deye SUN-6K-SG05LP1-EU-AM2 1 фаза + Felicity FLA48314-EU 51.2V 314Ah 16kWh,114367,грн,assets/images/komp/151785.png,"Готовий комплект автономного живлення: гібридний інвертор Deye SUN-6K-SG05LP1-EU-AM2 6 кВт та акумулятор LiFePO4 Felicity FLA48314-EU 51,2 В 314 А·год (16 кВт·год)."
Комплекти автономного енергоживлення,DEYE,Комплект автономного енергоживлення: Deye SUN-12K-SG02LP1-EU-AM3-P 12кВт 48 В + Felicity FLA48314-EU 51.2V 314Ah 16kWh,154687,грн,assets/images/komp/151787.png,"Готовий комплект автономного живлення: гібридний інвертор Deye SUN-12K-SG02LP1-EU-AM3-P 12 кВт та акумулятор LiFePO4 Felicity FLA48314-EU 51,2 В 314 А·год (16 кВт·год)."
Комплекти автономного енергоживлення,DEYE,Комплект автономного енергоживлення: Deye SUN-16K-SG01LP1-EU-AM3-P WiFi 48 В 16 кВт+ Felicity FLA48314-EU 51.2V 314Ah 16kWh,170367,грн,assets/images/komp/151788.png,"Готовий комплект автономного живлення: гібридний інвертор Deye SUN-16K-SG01LP1-EU-AM3-P 16 кВт та акумулятор LiFePO4 Felicity FLA48314-EU 51,2 В 314 А·год (16 кВт·год)."
Комплекти автономного енергоживлення,DEYE,Комплект автономного енергоживлення: Deye SUN-6K-SG05LP1-EU-AM2 + Deye SE-F16-С 51.2V 314 Аh,120960,грн,assets/images/zaglushka.png,
Комплекти автономного енергоживлення,FELICITY,Комплект автономного енергоживлення: Felicity IVEM8048-II 8 кВт 48 В + Felicity FLA48230 51.2V 230Ah,91691,грн,assets/images/zaglushka.png,
Комплекти автономного енергоживлення,FELICITY,Комплект автономного енергоживлення: Felicity IVEM8048-II 8 кВт 48 В+ Felicity FLB48314TG1-H 51.2V 314Ah,113095,грн,assets/images/zaglushka.png,
Комплекти автономного енергоживлення,FELICITY,Комплект автономного енергоживлення: Felicity IVEM6048-II 48В 6 кВт+ Felicity FLB48314TG1-H 51.2V 314Ah,101248,грн,assets/images/zaglushka.png,
Комплекти автономного енергоживлення,DYNESS,Комплект автономного енергоживлення: Felicity IVEM8048-II 8 кВт 48 В+ Dyness BX51100 51.2v 100ah,71069,грн,assets/images/zaglushka.png,
Комплекти автономного енергоживлення,DYNESS,Комплект автономного енергоживлення: Felicity IVEM6048-II 48В 6 кВт+ Dyness BX51100 51.2v 100ah,59191,грн,assets/images/zaglushka.png,
Комплекти автономного енергоживлення,DEYE,Комплект автономного енергоживлення: Deye SUN-6K-SG05LP1-EU-AM2 + Felicity FLA48230 51.2V 230Ah,97991,грн,assets/images/zaglushka.png,
Комплекти автономного енергоживлення,DEYE,Комплект автономного енергоживлення: Deye SUN-6K-SG05LP1-EU 6кВт 1 фаза+ MUST LP16-48100 51.2V 100Ah,70685,грн,assets/images/zaglushka.png,
Комплекти автономного енергоживлення,DEYE,Комплект автономного енергоживлення: Deye SUN-12K-SG02LP1-EU-AM3-P 12кВт 48 В 1 фаза + Felicity FLA48100 51.2V 100Ah  ,109279,грн,assets/images/zaglushka.png,
Комплекти автономного енергоживлення,DEYE,Комплект автономного енергоживлення: Deye SUN-12K-SG02LP1-EU-AM3-P 12кВт 48 В + Felicity FLA48200 51.2V 200Ah,136261,грн,assets/images/zaglushka.png,
Комплекти автономного енергоживлення,DEYE,Комплект автономного енергоживлення: Deye SUN-12K-SG02LP1-EU-AM3-P 12кВт 48 В + Felicity FLA48230 51.2V 230Ah,138311,грн,assets/images/zaglushka.png,
Комплекти автономного енергоживлення,DEYE,Комплект автономного енергоживлення: Deye SUN-12K-SG02LP1-EU-AM3-P 12кВт 48 В + MUST LP16-48100 51.2V 100Ah,111005,грн,assets/images/zaglushka.png,
Комплекти автономного енергоживлення,DAH Solar,Комплект автономного енергоживлення: Deye SUN-16K-SG01LP1-EU-AM3-P WiFi 48 В 16 кВт+ DAH Solar DHN-LVWES05-G1 100ah 51.2V,122941,грн,assets/images/zaglushka.png,
Комплекти автономного енергоживлення,DEYE,Комплект автономного енергоживлення: Deye SUN-16K-SG01LP1-EU-AM3-P WiFi 48 В 16 кВт+ Deye SE-F16-С 51.2V 314 Аh,176960,грн,assets/images/zaglushka.png,
Комплекти автономного енергоживлення,DEYE,Комплект автономного енергоживлення: Deye SUN-16K-SG01LP1-EU-AM3-P WiFi 48 В 16 кВт+ DEYE SE-F5 Pro-C 51.2V 100 Аh,127232,грн,assets/images/zaglushka.png,
Комплекти автономного енергоживлення,DEYE,Комплект автономного енергоживлення: Deye SUN-16K-SG01LP1-EU-AM3-P WiFi 48 В 16 кВт+ Felicity FLA48100 51.2V 100Ah,124959,грн,assets/images/zaglushka.png,
Комплекти автономного енергоживлення,DEYE,Комплект автономного енергоживлення: Deye SUN-16K-SG01LP1-EU-AM3-P WiFi 48 В 16 кВт+ Felicity FLA48200 51.2V 200Ah,151941,грн,assets/images/zaglushka.png,
Комплекти автономного енергоживлення,DEYE,Комплект автономного енергоживлення: Deye SUN-16K-SG01LP1-EU-AM3-P WiFi 48 В 16 кВт+ Felicity FLA48230 51.2V 230Ah,153991,грн,assets/images/zaglushka.png,
Комплекти автономного енергоживлення,DEYE,Комплект автономного енергоживлення: Deye SUN-12K-SG02LP1-EU-AM3-P 12кВт 48 В 1 фаза + Felicity FLB48314TG1-H 51.2V 314Ah,159687,грн,assets/images/zaglushka.png,
Комплекти автономного енергоживлення,DEYE,Комплект автономного енергоживлення: Deye SUN-16K-SG01LP1-EU-AM3-P WiFi 48 В 16 кВт+ Felicity FLB48314TG1-H 51.2V 314Ah,175367,грн,assets/images/zaglushka.png,
Комплекти автономного енергоживлення,MUST,"Комплект автономного енергоживлення: Must PV18-3224VPM II 24V 3.2kW + MUST LP1600-24100, 25.6V 100Ah, LiFePO4",34130,грн,assets/images/komp/143938.png,"Готовий комплект автономного живлення: гібридний інвертор Must PV18-3224VPM II 24 В 3,2 кВт та акумуляторна батарея LiFePO4 MUST LP1600-24100 25,6 В 100 А·год. Підходить для організації резервного або автономного живлення невеликого будинку чи офісу. Компоненти перевірені на сумісність і готові до підключення сонячних панелей."
Комплекти автономного енергоживлення,MUST,"Комплект автономного енергоживлення: Must PV18-3224VPM II 24V 3.2kW + MUST LP1600-24200, 25.6V 200Ah, LiFePO4",47310,грн,assets/images/komp/148301.png,"Готовий комплект автономного живлення: гібридний інвертор Must PV18-3224VPM II 24 В 3,2 кВт та акумулятор LiFePO4 MUST LP1600-24200 25,6 В 200 А·год."
Комплекти автономного енергоживлення,MUST,"Комплект автономного енергоживлення: MUST PV18-4024ECO 4 кВт+ MUST LP1600-24200, 25.6V 200Ah, LiFePO4",51421,грн,assets/images/komp/150886.png,"Готовий комплект автономного живлення: гібридний інвертор MUST PV18-4024ECO 4 кВт та акумулятор LiFePO4 MUST LP1600-24200 25,6 В 200 А·год."
Комплекти автономного енергоживлення,MUST,"Комплект автономного енергоживлення:  MUST PV18-4024ECO 4 кВт+ MUST LP1600-24100, 25.6V 100Ah, LiFePO4",37882,грн,assets/images/komp/150887.png,"Готовий комплект автономного живлення: гібридний інвертор MUST PV18-4024ECO 4 кВт та акумулятор LiFePO4 MUST LP1600-24100 25,6 В 100 А·год."
Комплекти автономного енергоживлення,FELICITY,"Комплект автономного енергоживлення: MUST PV18-4024ECO 4 кВт, 24V + Felicity FLA24200, 24V 200Ah, LiFePO4",49223,грн,assets/images/komp/150944.png,
Комплекти автономного енергоживлення,FELICITY,"Комплект автономного енергоживлення: Must PV18-3224VPM II+ Felicity FLA24200, 24V 200Ah, LiFePO4",45470,грн,assets/images/komp/151287.png,
Комплекти автономного енергоживлення,FELICITY,Комплект автономного енергоживлення: MUST PV19-6048EXP 48V 6 kW + Felicity FLA48314-EU 51.2V 314Ah 16kWh,97614,грн,assets/images/komp/151790.png,"Готовий комплект автономного живлення: гібридний інвертор MUST PV19-6048EXP 48 В 6 кВт та акумулятор LiFePO4 Felicity FLA48314-EU 51,2 В 314 А·год (16 кВт·год)."
Комплекти автономного енергоживлення,FELICITY,Комплект автономного енергоживлення: MUST PV19-6048EXP 48V 6 kW + Felicity FLA48230 51.2V 230Ah,81531,грн,assets/images/zaglushka.png,
Комплекти автономного енергоживлення,FELICITY,Комплект автономного енергоживлення: Must PV18-3224VPM II+ Felicity FLA24230 25.6V 230Ah,48630,грн,assets/images/zaglushka.png,
Комплекти автономного енергоживлення,FELICITY,Комплект автономного енергоживлення: Must PV18-3224VPM II+ Felicity FLA24280 25.6V 280Ah,53480,грн,assets/images/zaglushka.png,
Комплекти автономного енергоживлення,FELICITY,Комплект автономного енергоживлення: MUST PV18-4024ECO 4 кВт+ Felicity FLA24230 25.6V 230Ah,52382,грн,assets/images/zaglushka.png,
Комплекти автономного енергоживлення,FELICITY,Комплект автономного енергоживлення: MUST PV18-4024ECO 4 кВт+ FFelicity FLA24280 25.6V 280Ah,57232,грн,assets/images/zaglushka.png,